Title	Year	Country	Language	Running time	Rating	Genre
!Next?	1994	Italy	Italian	-1	4.1	Documentary
#15SecondScare	2015	USA	English	1	6.7	Drama
#30Nods Trailer	2016	USA	English	-1	-1.0	Drama
#30Nods	2016	USA	English	-1	9.2	Drama
#7DaysLater	2013	Australia	English	7	7.5	Comedy
#ATown	2014	USA	English	10	9.2	Comedy
#Actress	2014	USA	English	-1	-1.0	Comedy
#Adulting	2016	USA	English	6	6.3	Comedy
#AwkwardMornings	2014	USA	English	-1	-1.0	Comedy
#Besties	2014	USA	English	-1	5.6	Comedy
#Blessed	2015	USA	English	-1	-1.0	Comedy
#ByMySide	2012	Italy	Italian	-1	5.7	Drama
#Cake	2015	USA		-1	-1.0	Comedy
#Cocinando	2015	Uruguay	Spanish	-1	-1.0	Comedy
#Currently	2016	USA	English	10	-1.0	Comedy
#Cybriety	2015	USA	English	-1	6.9	Comedy
#DaddyLeaks	2016	Argentina		-1	-1.0	Comedy
#Elmira	2014	USA	English	30	-1.0	Comedy
#Falltown	2016	France	French	-1	-1.0	Comedy
#GirlProblems	2015	USA	English	-1	-1.0	Comedy
#Hashtag: The Series	2013	USA	English	-1	7.1	Comedy
#HighlandPark	2016	USA	English	-1	-1.0	Comedy
#HoodDocumentary	2016	UK	English	-1	8.3	Comedy
#IMomSoHard	2016	USA	English	-1	-1.0	Comedy
#InstaFamous: How to Become Famous on Instagram	2013	USA	English	-1	-1.0	Comedy
#JesusProblems	2015	USA	English	-1	-1.0	Comedy
#JustDating	2014	Canada	English	-1	-1.0	Comedy
#Kansloos	2012	Netherlands	Dutch	-1	-1.0	Comedy
#KateConwayisaJerk	2015	Canada	English	-1	-1.0	Comedy
#KillTorrey	2016	USA	English	-1	-1.0	Comedy
#LAProblems	2013	USA	English	-1	-1.0	Comedy
#Like	2016	Philippines	Filipino	-1	-1.0	Comedy
#LoveBytes	2015	India	Hindi	-1	7.0	Drama
#Millennials	2015	USA	English	-1	-1.0	Comedy
#MommasGotBars	2015	USA	English	3	-1.0	Comedy
#MonologueWars	2014	USA	English	-1	-1.0	Drama
#Murder	2017	USA	English	-1	-1.0	Documentary
#News	2014	USA	English	-1	-1.0	Comedy
#NextGreatMascot	2015	USA	English	-1	-1.0	Documentary
#Nightstrife	2014	USA	English	-1	-1.0	Comedy
#NoFilter with Tarah and Charlotte	2016	USA	English	-1	-1.0	Comedy
#Nofilter	2014	Canada	English	-1	-1.0	Comedy
#NotMadMonday	2015	USA	English	-1	-1.0	Comedy
#Nwn	2013	USA	English	-1	-1.0	Comedy
#PrettyPeopleProblems	2013	USA	English	-1	-1.0	Comedy
#ReasonsWhyImSingle	2014	USA	English	-1	-1.0	Comedy
#Redemption	2014	Chile	Spanish	-1	-1.0	Comedy
#Rekt	2014	USA	English	-1	-1.0	Comedy
#SayWhat?!	2013	USA	English	-1	-1.0	Comedy
#ScenesFromRussia	2013	USA	English	-1	-1.0	Drama
#Shelfie with Dan Hong	2016	Australia	English	-1	-1.0	Documentary
#SingleBecause	2017	Canada	English	-1	-1.0	Comedy
#Singles	2014	Spain	Spanish	-1	-1.0	Comedy
#SketchPack	2015	UK	English	-1	-1.0	Comedy
#SmurTv	2016	USA	English	11	-1.0	Comedy
#StarShow!	2015	USA	English	-1	-1.0	Comedy
#Sti	2016	Canada	English	-1	-1.0	Comedy
#Teens	2014	USA	English	6	-1.0	Comedy
#TheAssignment	2013	USA	English	-1	-1.0	Comedy
#ThisIsCollege	2016	USA	English	-1	-1.0	Comedy
#Tris	2012	Italy	Italian	-1	-1.0	Comedy
#Troublemakers	2013	USA	English	-1	-1.0	Comedy
#VanLifeAttila	2016	Canada	English	-1	-1.0	Comedy
